{
  "bundles": {
    "iforest": "models/anomaly_iforest.joblib",
    "ocsvm": "models/anomaly_ocsvm.joblib"
  },
  "metrics": {
    "iforest_val": {
      "roc_auc": 0.9726728326380014,
      "pr_auc": 0.9704070662346788,
      "precision@5%": 1.0,
      "recall@5%": 0.10675752413401476,
      "precision@1%": 1.0,
      "recall@1%": 0.021010789324247586
    },
    "iforest_test": {
      "roc_auc": 0.9724149496588871,
      "pr_auc": 0.9721727021454267,
      "precision@5%": 1.0,
      "recall@5%": 0.10669693530079455,
      "precision@1%": 1.0,
      "recall@1%": 0.020998864926220204
    },
    "ocsvm_val": {
      "roc_auc": 0.958663623076581,
      "pr_auc": 0.9478909494169964,
      "precision@5%": 0.9680851063829787,
      "recall@5%": 0.1033503691084611,
      "precision@1%": 0.9459459459459459,
      "recall@1%": 0.019875070982396367
    },
    "ocsvm_test": {
      "roc_auc": 0.9544490446415458,
      "pr_auc": 0.9406703416627619,
      "precision@5%": 0.9627659574468085,
      "recall@5%": 0.10272417707150965,
      "precision@1%": 0.8648648648648649,
      "recall@1%": 0.018161180476730987
    }
  }
}