{
  "bundles": {
    "iforest": "models/anomaly_iforest.joblib",
    "ocsvm": "models/anomaly_ocsvm.joblib"
  },
  "metrics": {
    "iforest_val": {
      "roc_auc": 0.7009315366696889,
      "pr_auc": 0.6220649316416234,
      "precision@5%": 0.7287234042553191,
      "recall@5%": 0.07779670641680864,
      "precision@1%": 1.0,
      "recall@1%": 0.021010789324247586
    },
    "iforest_test": {
      "roc_auc": 0.7064863529466054,
      "pr_auc": 0.6204965681199207,
      "precision@5%": 0.6808510638297872,
      "recall@5%": 0.07264472190692395,
      "precision@1%": 1.0,
      "recall@1%": 0.020998864926220204
    },
    "ocsvm_val": {
      "roc_auc": 0.6809067624767214,
      "pr_auc": 0.5932283906264694,
      "precision@5%": 0.6117021276595744,
      "recall@5%": 0.0653038046564452,
      "precision@1%": 0.7297297297297297,
      "recall@1%": 0.015332197614991482
    },
    "ocsvm_test": {
      "roc_auc": 0.6896265399045683,
      "pr_auc": 0.5951464463796589,
      "precision@5%": 0.6329787234042553,
      "recall@5%": 0.06753688989784336,
      "precision@1%": 0.5675675675675675,
      "recall@1%": 0.01191827468785471
    }
  }
}