{
  "results": {
    "logreg": {
      "accuracy": 0.9650701243715268,
      "precision": 0.9625212947189097,
      "recall": 0.9625212947189097,
      "f1": 0.9625212947189097,
      "roc_auc": 0.9872555293105941,
      "pr_auc": 0.9889956372633292
    },
    "rf": {
      "accuracy": 0.9965599364911352,
      "precision": 0.9977220956719818,
      "recall": 0.9948892674616695,
      "f1": 0.9963036678987773,
      "roc_auc": 0.9998636631475156,
      "pr_auc": 0.9998438413203582
    }
  },
  "best": "rf"
}