{
  "accuracy": 0.9955014554114845,
  "precision": 0.9977181973759269,
  "recall": 0.9926220204313281,
  "f1": 0.9951635846372688,
  "roc_auc": 0.9999203703818339,
  "pr_auc": 0.9999081484843976
}