{
  "accuracy": 0.9960306959513099,
  "macro_f1": 0.7871487483009943,
  "per_class_f1": {
    "dos": 0.9985549132947977,
    "normal": 0.996538081107814,
    "probe": 0.9882697947214076,
    "r2l": 0.9523809523809523,
    "u2r": 0.0
  }
}