{
  "results": {
    "logreg_multi": {
      "accuracy": 0.947869806827203,
      "macro_f1": 0.5616048822726816,
      "per_class_f1": {
        "dos": 0.9582292038557658,
        "normal": 0.9692194040876632,
        "probe": 0.8199697428139183,
        "r2l": 0.06060606060606061,
        "u2r": 0.0
      }
    },
    "rf_multi": {
      "accuracy": 0.9973537973008733,
      "macro_f1": 0.927490401499556,
      "per_class_f1": {
        "dos": 0.9989165763813651,
        "normal": 0.9980207817911925,
        "probe": 0.9897209985315712,
        "r2l": 0.9841269841269841,
        "u2r": 0.6666666666666666
      }
    }
  },
  "best": "rf_multi"
}